video,content,resolution,bitrate
M8_Quaker_res=720_bitrate=0.25.avi,M8_Quaker,720,0.25
M2_cheat_code_res=720_bitrate=0.25.avi,M2_cheat_code,720,0.25
F12_buttons_on_sleeve_res=720_bitrate=0.25.avi,F12_buttons_on_sleeve,720,0.25
F9_around_7_blocks_res=1080_bitrate=2.avi,F9_around_7_blocks,1080,2
F11_between_11_and_35_res=720_bitrate=2.avi,F11_between_11_and_35,720,2
F12_buttons_on_sleeve_res=720_bitrate=2.avi,F12_buttons_on_sleeve,720,2
M2_cheat_code_res=720_bitrate=0.8.avi,M2_cheat_code,720,0.8
F9_around_7_blocks_res=480_bitrate=0.25.avi,F9_around_7_blocks,480,0.25
F7_here_and_there_res=480_bitrate=2.avi,F7_here_and_there,480,2
F2_switchback_res=1080_bitrate=2.avi,F2_switchback,1080,2
M3_died_at_32_res=1080_bitrate=0.8.avi,M3_died_at_32,1080,0.8
F3_very_different_res=1080_bitrate=0.8.avi,F3_very_different,1080,0.8
M9_bowler_domates_res=720_bitrate=0.25.avi,M9_bowler_domates,720,0.25
M8_Quaker_res=480_bitrate=0.25.avi,M8_Quaker,480,0.25
M8_coors_brewery_res=480_bitrate=0.8.avi,M8_coors_brewery,480,0.8
F2_switchback_res=1080_bitrate=0.8.avi,F2_switchback,1080,0.8
M8_Quaker_res=480_bitrate=0.8.avi,M8_Quaker,480,0.8
F7_here_and_there_res=720_bitrate=2.avi,F7_here_and_there,720,2
M4_tshirt_says_captain_res=1080_bitrate=2.avi,M4_tshirt_says_captain,1080,2
F11_between_11_and_35_res=720_bitrate=0.8.avi,F11_between_11_and_35,720,0.8
F12_buttons_on_sleeve_res=1080_bitrate=2.avi,F12_buttons_on_sleeve,1080,2
F11_between_11_and_35_res=720_bitrate=0.25.avi,F11_between_11_and_35,720,0.25
M3_died_at_32_res=1080_bitrate=reference.avi,M3_died_at_32,1080,reference
M8_good_English_is_important_res=360_bitrate=0.8.avi,M8_good_English_is_important,360,0.8
M9_bowler_domates_res=480_bitrate=2.avi,M9_bowler_domates,480,2
M8_good_English_is_important_res=720_bitrate=2.avi,M8_good_English_is_important,720,2
M8_Quaker_res=720_bitrate=0.8.avi,M8_Quaker,720,0.8
F10_grandkids_talk_to_daughter_res=1080_bitrate=0.8.avi,F10_grandkids_talk_to_daughter,1080,0.8
F7_here_and_there_res=720_bitrate=0.8.avi,F7_here_and_there,720,0.8
M9_bowler_domates_res=480_bitrate=0.25.avi,M9_bowler_domates,480,0.25
F3_very_different_res=480_bitrate=2.avi,F3_very_different,480,2
M8_Quaker_res=1080_bitrate=0.8.avi,M8_Quaker,1080,0.8
F3_very_different_res=720_bitrate=0.8.avi,F3_very_different,720,0.8
M8_Quaker_res=1080_bitrate=reference.avi,M8_Quaker,1080,reference
M4_tshirt_says_captain_res=480_bitrate=0.8.avi,M4_tshirt_says_captain,480,0.8
F2_switchback_res=720_bitrate=0.25.avi,F2_switchback,720,0.25
F9_around_7_blocks_res=720_bitrate=2.avi,F9_around_7_blocks,720,2
M8_coors_brewery_res=720_bitrate=0.8.avi,M8_coors_brewery,720,0.8
F2_switchback_res=1080_bitrate=reference.avi,F2_switchback,1080,reference
M8_coors_brewery_res=1080_bitrate=reference.avi,M8_coors_brewery,1080,reference
M9_bowler_domates_res=1080_bitrate=reference.avi,M9_bowler_domates,1080,reference
F3_very_different_res=720_bitrate=0.25.avi,F3_very_different,720,0.25
F12_buttons_on_sleeve_res=1080_bitrate=0.8.avi,F12_buttons_on_sleeve,1080,0.8
F10_grandkids_talk_to_daughter_res=1080_bitrate=2.avi,F10_grandkids_talk_to_daughter,1080,2
F11_between_11_and_35_res=360_bitrate=0.8.avi,F11_between_11_and_35,360,0.8
F10_grandkids_talk_to_daughter_res=720_bitrate=0.25.avi,F10_grandkids_talk_to_daughter,720,0.25
M4_tshirt_says_captain_res=720_bitrate=0.25.avi,M4_tshirt_says_captain,720,0.25
F10_grandkids_talk_to_daughter_res=480_bitrate=2.avi,F10_grandkids_talk_to_daughter,480,2
M3_died_at_32_res=480_bitrate=0.25.avi,M3_died_at_32,480,0.25
F10_grandkids_talk_to_daughter_res=1080_bitrate=reference.avi,F10_grandkids_talk_to_daughter,1080,reference
M9_bowler_domates_res=360_bitrate=0.8.avi,M9_bowler_domates,360,0.8
F12_buttons_on_sleeve_res=480_bitrate=2.avi,F12_buttons_on_sleeve,480,2
F9_around_7_blocks_res=480_bitrate=0.8.avi,F9_around_7_blocks,480,0.8
F2_switchback_res=480_bitrate=2.avi,F2_switchback,480,2
F3_very_different_res=480_bitrate=0.8.avi,F3_very_different,480,0.8
M4_tshirt_says_captain_res=480_bitrate=0.25.avi,M4_tshirt_says_captain,480,0.25
F11_between_11_and_35_res=480_bitrate=0.25.avi,F11_between_11_and_35,480,0.25
M4_tshirt_says_captain_res=720_bitrate=0.8.avi,M4_tshirt_says_captain,720,0.8
M2_cheat_code_res=480_bitrate=0.8.avi,M2_cheat_code,480,0.8
M3_died_at_32_res=360_bitrate=0.8.avi,M3_died_at_32,360,0.8
M2_cheat_code_res=1080_bitrate=2.avi,M2_cheat_code,1080,2
F7_here_and_there_res=1080_bitrate=2.avi,F7_here_and_there,1080,2
F9_around_7_blocks_res=720_bitrate=0.8.avi,F9_around_7_blocks,720,0.8
M4_tshirt_says_captain_res=1080_bitrate=reference.avi,M4_tshirt_says_captain,1080,reference
F10_grandkids_talk_to_daughter_res=720_bitrate=2.avi,F10_grandkids_talk_to_daughter,720,2
F2_switchback_res=720_bitrate=0.8.avi,F2_switchback,720,0.8
F7_here_and_there_res=1080_bitrate=0.8.avi,F7_here_and_there,1080,0.8
F10_grandkids_talk_to_daughter_res=480_bitrate=0.8.avi,F10_grandkids_talk_to_daughter,480,0.8
F12_buttons_on_sleeve_res=1080_bitrate=reference.avi,F12_buttons_on_sleeve,1080,reference
F3_very_different_res=720_bitrate=2.avi,F3_very_different,720,2
F9_around_7_blocks_res=1080_bitrate=reference.avi,F9_around_7_blocks,1080,reference
M9_bowler_domates_res=480_bitrate=0.8.avi,M9_bowler_domates,480,0.8
F2_switchback_res=360_bitrate=0.8.avi,F2_switchback,360,0.8
F12_buttons_on_sleeve_res=360_bitrate=0.8.avi,F12_buttons_on_sleeve,360,0.8
M4_tshirt_says_captain_res=1080_bitrate=0.8.avi,M4_tshirt_says_captain,1080,0.8
M8_Quaker_res=360_bitrate=0.8.avi,M8_Quaker,360,0.8
F10_grandkids_talk_to_daughter_res=480_bitrate=0.25.avi,F10_grandkids_talk_to_daughter,480,0.25
F5_crimson_res=1080_bitrate=2.avi,F5_crimson,1080,2
F11_between_11_and_35_res=1080_bitrate=0.8.avi,F11_between_11_and_35,1080,0.8
F5_crimson_res=360_bitrate=0.8.avi,F5_crimson,360,0.8
F9_around_7_blocks_res=360_bitrate=0.8.avi,F9_around_7_blocks,360,0.8
F11_between_11_and_35_res=1080_bitrate=2.avi,F11_between_11_and_35,1080,2
F5_crimson_res=720_bitrate=0.8.avi,F5_crimson,720,0.8
F7_here_and_there_res=360_bitrate=0.8.avi,F7_here_and_there,360,0.8
F5_crimson_res=720_bitrate=0.25.avi,F5_crimson,720,0.25
F7_here_and_there_res=480_bitrate=0.25.avi,F7_here_and_there,480,0.25
F9_around_7_blocks_res=480_bitrate=2.avi,F9_around_7_blocks,480,2
M8_Quaker_res=720_bitrate=2.avi,M8_Quaker,720,2
M8_good_English_is_important_res=720_bitrate=0.25.avi,M8_good_English_is_important,720,0.25
M2_cheat_code_res=1080_bitrate=reference.avi,M2_cheat_code,1080,reference
F12_buttons_on_sleeve_res=720_bitrate=0.8.avi,F12_buttons_on_sleeve,720,0.8
M2_cheat_code_res=720_bitrate=2.avi,M2_cheat_code,720,2
F12_buttons_on_sleeve_res=480_bitrate=0.25.avi,F12_buttons_on_sleeve,480,0.25
F3_very_different_res=1080_bitrate=reference.avi,F3_very_different,1080,reference
F7_here_and_there_res=720_bitrate=0.25.avi,F7_here_and_there,720,0.25
M8_good_English_is_important_res=480_bitrate=0.8.avi,M8_good_English_is_important,480,0.8
F10_grandkids_talk_to_daughter_res=360_bitrate=0.8.avi,F10_grandkids_talk_to_daughter,360,0.8
M2_cheat_code_res=360_bitrate=0.8.avi,M2_cheat_code,360,0.8
M8_good_English_is_important_res=720_bitrate=0.8.avi,M8_good_English_is_important,720,0.8
F3_very_different_res=1080_bitrate=2.avi,F3_very_different,1080,2
M8_Quaker_res=1080_bitrate=2.avi,M8_Quaker,1080,2
F3_very_different_res=360_bitrate=0.8.avi,F3_very_different,360,0.8
F7_here_and_there_res=480_bitrate=0.8.avi,F7_here_and_there,480,0.8
M8_good_English_is_important_res=1080_bitrate=reference.avi,M8_good_English_is_important,1080,reference
M8_coors_brewery_res=480_bitrate=0.25.avi,M8_coors_brewery,480,0.25
F5_crimson_res=480_bitrate=0.25.avi,F5_crimson,480,0.25
F11_between_11_and_35_res=480_bitrate=2.avi,F11_between_11_and_35,480,2
M3_died_at_32_res=720_bitrate=0.8.avi,M3_died_at_32,720,0.8
F9_around_7_blocks_res=1080_bitrate=0.8.avi,F9_around_7_blocks,1080,0.8
M9_bowler_domates_res=1080_bitrate=2.avi,M9_bowler_domates,1080,2
F11_between_11_and_35_res=1080_bitrate=reference.avi,F11_between_11_and_35,1080,reference
F2_switchback_res=720_bitrate=2.avi,F2_switchback,720,2
M4_tshirt_says_captain_res=360_bitrate=0.8.avi,M4_tshirt_says_captain,360,0.8
M8_coors_brewery_res=720_bitrate=0.25.avi,M8_coors_brewery,720,0.25
M4_tshirt_says_captain_res=480_bitrate=2.avi,M4_tshirt_says_captain,480,2
M8_coors_brewery_res=1080_bitrate=0.8.avi,M8_coors_brewery,1080,0.8
M8_good_English_is_important_res=480_bitrate=0.25.avi,M8_good_English_is_important,480,0.25
M3_died_at_32_res=480_bitrate=2.avi,M3_died_at_32,480,2
F5_crimson_res=480_bitrate=2.avi,F5_crimson,480,2
M2_cheat_code_res=480_bitrate=0.25.avi,M2_cheat_code,480,0.25
M8_good_English_is_important_res=1080_bitrate=0.8.avi,M8_good_English_is_important,1080,0.8
M4_tshirt_says_captain_res=720_bitrate=2.avi,M4_tshirt_says_captain,720,2
M8_good_English_is_important_res=1080_bitrate=2.avi,M8_good_English_is_important,1080,2
F9_around_7_blocks_res=720_bitrate=0.25.avi,F9_around_7_blocks,720,0.25
F7_here_and_there_res=1080_bitrate=reference.avi,F7_here_and_there,1080,reference
M9_bowler_domates_res=720_bitrate=0.8.avi,M9_bowler_domates,720,0.8
M2_cheat_code_res=1080_bitrate=0.8.avi,M2_cheat_code,1080,0.8
M3_died_at_32_res=480_bitrate=0.8.avi,M3_died_at_32,480,0.8
M8_coors_brewery_res=360_bitrate=0.8.avi,M8_coors_brewery,360,0.8
F5_crimson_res=720_bitrate=2.avi,F5_crimson,720,2
M9_bowler_domates_res=1080_bitrate=0.8.avi,M9_bowler_domates,1080,0.8
M3_died_at_32_res=1080_bitrate=2.avi,M3_died_at_32,1080,2
M8_Quaker_res=480_bitrate=2.avi,M8_Quaker,480,2
M3_died_at_32_res=720_bitrate=2.avi,M3_died_at_32,720,2
M8_coors_brewery_res=480_bitrate=2.avi,M8_coors_brewery,480,2
F12_buttons_on_sleeve_res=480_bitrate=0.8.avi,F12_buttons_on_sleeve,480,0.8
F2_switchback_res=480_bitrate=0.25.avi,F2_switchback,480,0.25
F11_between_11_and_35_res=480_bitrate=0.8.avi,F11_between_11_and_35,480,0.8
M3_died_at_32_res=720_bitrate=0.25.avi,M3_died_at_32,720,0.25
F2_switchback_res=480_bitrate=0.8.avi,F2_switchback,480,0.8
F5_crimson_res=1080_bitrate=reference.avi,F5_crimson,1080,reference
M8_coors_brewery_res=720_bitrate=2.avi,M8_coors_brewery,720,2
M8_good_English_is_important_res=480_bitrate=2.avi,M8_good_English_is_important,480,2
F5_crimson_res=480_bitrate=0.8.avi,F5_crimson,480,0.8
F3_very_different_res=480_bitrate=0.25.avi,F3_very_different,480,0.25
M8_coors_brewery_res=1080_bitrate=2.avi,M8_coors_brewery,1080,2
F10_grandkids_talk_to_daughter_res=720_bitrate=0.8.avi,F10_grandkids_talk_to_daughter,720,0.8
M2_cheat_code_res=480_bitrate=2.avi,M2_cheat_code,480,2
M9_bowler_domates_res=720_bitrate=2.avi,M9_bowler_domates,720,2
F5_crimson_res=1080_bitrate=0.8.avi,F5_crimson,1080,0.8
