video,content,resolution,bitrate
F9_action_of_the_dogs_ears_res=1080_bitrate=0.8.avi,F9_action_of_the_dogs_ears,1080,0.8
F7_let_me_think_res=480_bitrate=0.25.avi,F7_let_me_think,480,0.25
F11_1985_to_1995_res=360_bitrate=0.8.avi,F11_1985_to_1995,360,0.8
F7_let_me_think_res=1080_bitrate=reference.avi,F7_let_me_think,1080,reference
F10_grandkids_talk_to_daughter_res=1080_bitrate=0.8.avi,F10_grandkids_talk_to_daughter,1080,0.8
F6_layer_after_layer_res=720_bitrate=0.8.avi,F6_layer_after_layer,720,0.8
F2_switchback_res=720_bitrate=0.25.avi,F2_switchback,720,0.25
F11_1985_to_1995_res=720_bitrate=2.avi,F11_1985_to_1995,720,2
F7_let_me_think_res=720_bitrate=2.avi,F7_let_me_think,720,2
F6_layer_after_layer_res=480_bitrate=0.25.avi,F6_layer_after_layer,480,0.25
F10_grandkids_talk_to_daughter_res=1080_bitrate=2.avi,F10_grandkids_talk_to_daughter,1080,2
M3_hold_tea_handle_res=1080_bitrate=0.8.avi,M3_hold_tea_handle,1080,0.8
F7_let_me_think_res=480_bitrate=2.avi,F7_let_me_think,480,2
M3_hold_tea_handle_res=480_bitrate=0.8.avi,M3_hold_tea_handle,480,0.8
F9_action_of_the_dogs_ears_res=720_bitrate=0.8.avi,F9_action_of_the_dogs_ears,720,0.8
F11_between_11_and_35_res=720_bitrate=0.8.avi,F11_between_11_and_35,720,0.8
F10_grandkids_talk_to_daughter_res=480_bitrate=2.avi,F10_grandkids_talk_to_daughter,480,2
M8_good_English_is_important_res=1080_bitrate=2.avi,M8_good_English_is_important,1080,2
F11_between_11_and_35_res=480_bitrate=0.8.avi,F11_between_11_and_35,480,0.8
F9_action_of_the_dogs_ears_res=360_bitrate=0.8.avi,F9_action_of_the_dogs_ears,360,0.8
F3_very_different_res=480_bitrate=0.25.avi,F3_very_different,480,0.25
M9_bowler_domates_res=1080_bitrate=0.8.avi,M9_bowler_domates,1080,0.8
F3_very_different_res=1080_bitrate=0.8.avi,F3_very_different,1080,0.8
F7_let_me_think_res=1080_bitrate=2.avi,F7_let_me_think,1080,2
F11_1985_to_1995_res=480_bitrate=0.8.avi,F11_1985_to_1995,480,0.8
M9_bowler_domates_res=720_bitrate=0.8.avi,M9_bowler_domates,720,0.8
M8_good_English_is_important_res=480_bitrate=0.8.avi,M8_good_English_is_important,480,0.8
F2_switchback_res=480_bitrate=0.25.avi,F2_switchback,480,0.25
F6_layer_after_layer_res=480_bitrate=2.avi,F6_layer_after_layer,480,2
M3_hold_tea_handle_res=720_bitrate=2.avi,M3_hold_tea_handle,720,2
F10_grandkids_talk_to_daughter_res=720_bitrate=0.8.avi,F10_grandkids_talk_to_daughter,720,0.8
F2_switchback_res=720_bitrate=2.avi,F2_switchback,720,2
M3_hold_tea_handle_res=1080_bitrate=2.avi,M3_hold_tea_handle,1080,2
F7_here_and_there_res=1080_bitrate=2.avi,F7_here_and_there,1080,2
M2_back_tire_res=360_bitrate=0.8.avi,M2_back_tire,360,0.8
F9_action_of_the_dogs_ears_res=480_bitrate=2.avi,F9_action_of_the_dogs_ears,480,2
M6_black_bear_between_two_men_res=360_bitrate=0.8.avi,M6_black_bear_between_two_men,360,0.8
F2_switchback_res=1080_bitrate=0.8.avi,F2_switchback,1080,0.8
M8_good_English_is_important_res=1080_bitrate=reference.avi,M8_good_English_is_important,1080,reference
M3_hold_tea_handle_res=1080_bitrate=reference.avi,M3_hold_tea_handle,1080,reference
M3_died_at_32_res=480_bitrate=2.avi,M3_died_at_32,480,2
M9_bowler_domates_res=360_bitrate=0.8.avi,M9_bowler_domates,360,0.8
F6_layer_after_layer_res=1080_bitrate=2.avi,F6_layer_after_layer,1080,2
M6_black_bear_between_two_men_res=1080_bitrate=0.8.avi,M6_black_bear_between_two_men,1080,0.8
F7_let_me_think_res=720_bitrate=0.8.avi,F7_let_me_think,720,0.8
M2_back_tire_res=720_bitrate=0.8.avi,M2_back_tire,720,0.8
F3_very_different_res=720_bitrate=2.avi,F3_very_different,720,2
F2_switchback_res=1080_bitrate=reference.avi,F2_switchback,1080,reference
F10_grandkids_talk_to_daughter_res=720_bitrate=0.25.avi,F10_grandkids_talk_to_daughter,720,0.25
F3_very_different_res=360_bitrate=0.8.avi,F3_very_different,360,0.8
F11_between_11_and_35_res=1080_bitrate=reference.avi,F11_between_11_and_35,1080,reference
F7_here_and_there_res=360_bitrate=0.8.avi,F7_here_and_there,360,0.8
F11_between_11_and_35_res=720_bitrate=2.avi,F11_between_11_and_35,720,2
M9_bowler_domates_res=1080_bitrate=reference.avi,M9_bowler_domates,1080,reference
F7_let_me_think_res=480_bitrate=0.8.avi,F7_let_me_think,480,0.8
F11_1985_to_1995_res=1080_bitrate=reference.avi,F11_1985_to_1995,1080,reference
F11_between_11_and_35_res=1080_bitrate=0.8.avi,F11_between_11_and_35,1080,0.8
M8_good_English_is_important_res=720_bitrate=2.avi,M8_good_English_is_important,720,2
M3_died_at_32_res=1080_bitrate=reference.avi,M3_died_at_32,1080,reference
M8_good_English_is_important_res=360_bitrate=0.8.avi,M8_good_English_is_important,360,0.8
F11_between_11_and_35_res=480_bitrate=2.avi,F11_between_11_and_35,480,2
M6_black_bear_between_two_men_res=720_bitrate=0.25.avi,M6_black_bear_between_two_men,720,0.25
M8_good_English_is_important_res=480_bitrate=2.avi,M8_good_English_is_important,480,2
F6_layer_after_layer_res=1080_bitrate=reference.avi,F6_layer_after_layer,1080,reference
M3_died_at_32_res=720_bitrate=0.8.avi,M3_died_at_32,720,0.8
M3_hold_tea_handle_res=360_bitrate=0.8.avi,M3_hold_tea_handle,360,0.8
F3_very_different_res=1080_bitrate=reference.avi,F3_very_different,1080,reference
M8_good_English_is_important_res=720_bitrate=0.8.avi,M8_good_English_is_important,720,0.8
F11_between_11_and_35_res=1080_bitrate=2.avi,F11_between_11_and_35,1080,2
M3_hold_tea_handle_res=720_bitrate=0.25.avi,M3_hold_tea_handle,720,0.25
M3_died_at_32_res=720_bitrate=0.25.avi,M3_died_at_32,720,0.25
M6_black_bear_between_two_men_res=1080_bitrate=2.avi,M6_black_bear_between_two_men,1080,2
F7_here_and_there_res=1080_bitrate=reference.avi,F7_here_and_there,1080,reference
F9_action_of_the_dogs_ears_res=480_bitrate=0.8.avi,F9_action_of_the_dogs_ears,480,0.8
F2_switchback_res=1080_bitrate=2.avi,F2_switchback,1080,2
F6_layer_after_layer_res=1080_bitrate=0.8.avi,F6_layer_after_layer,1080,0.8
F7_here_and_there_res=480_bitrate=2.avi,F7_here_and_there,480,2
M2_back_tire_res=1080_bitrate=0.8.avi,M2_back_tire,1080,0.8
F11_between_11_and_35_res=360_bitrate=0.8.avi,F11_between_11_and_35,360,0.8
F7_here_and_there_res=720_bitrate=2.avi,F7_here_and_there,720,2
M9_bowler_domates_res=480_bitrate=0.8.avi,M9_bowler_domates,480,0.8
F3_very_different_res=1080_bitrate=2.avi,F3_very_different,1080,2
F10_grandkids_talk_to_daughter_res=720_bitrate=2.avi,F10_grandkids_talk_to_daughter,720,2
M6_black_bear_between_two_men_res=720_bitrate=0.8.avi,M6_black_bear_between_two_men,720,0.8
F2_switchback_res=480_bitrate=2.avi,F2_switchback,480,2
M3_died_at_32_res=480_bitrate=0.8.avi,M3_died_at_32,480,0.8
F9_action_of_the_dogs_ears_res=1080_bitrate=reference.avi,F9_action_of_the_dogs_ears,1080,reference
F3_very_different_res=720_bitrate=0.25.avi,F3_very_different,720,0.25
M8_good_English_is_important_res=1080_bitrate=0.8.avi,M8_good_English_is_important,1080,0.8
F3_very_different_res=720_bitrate=0.8.avi,F3_very_different,720,0.8
M2_back_tire_res=480_bitrate=2.avi,M2_back_tire,480,2
M9_bowler_domates_res=1080_bitrate=2.avi,M9_bowler_domates,1080,2
M8_good_English_is_important_res=720_bitrate=0.25.avi,M8_good_English_is_important,720,0.25
F9_action_of_the_dogs_ears_res=1080_bitrate=2.avi,F9_action_of_the_dogs_ears,1080,2
F10_grandkids_talk_to_daughter_res=1080_bitrate=reference.avi,F10_grandkids_talk_to_daughter,1080,reference
M6_black_bear_between_two_men_res=480_bitrate=2.avi,M6_black_bear_between_two_men,480,2
M9_bowler_domates_res=480_bitrate=0.25.avi,M9_bowler_domates,480,0.25
F7_let_me_think_res=360_bitrate=0.8.avi,F7_let_me_think,360,0.8
M3_died_at_32_res=1080_bitrate=2.avi,M3_died_at_32,1080,2
M2_back_tire_res=480_bitrate=0.25.avi,M2_back_tire,480,0.25
F9_action_of_the_dogs_ears_res=480_bitrate=0.25.avi,F9_action_of_the_dogs_ears,480,0.25
F11_1985_to_1995_res=480_bitrate=0.25.avi,F11_1985_to_1995,480,0.25
F7_here_and_there_res=720_bitrate=0.8.avi,F7_here_and_there,720,0.8
F11_1985_to_1995_res=720_bitrate=0.25.avi,F11_1985_to_1995,720,0.25
F2_switchback_res=480_bitrate=0.8.avi,F2_switchback,480,0.8
F9_action_of_the_dogs_ears_res=720_bitrate=0.25.avi,F9_action_of_the_dogs_ears,720,0.25
M6_black_bear_between_two_men_res=720_bitrate=2.avi,M6_black_bear_between_two_men,720,2
F11_1985_to_1995_res=720_bitrate=0.8.avi,F11_1985_to_1995,720,0.8
M2_back_tire_res=720_bitrate=0.25.avi,M2_back_tire,720,0.25
F10_grandkids_talk_to_daughter_res=480_bitrate=0.8.avi,F10_grandkids_talk_to_daughter,480,0.8
F11_1985_to_1995_res=1080_bitrate=2.avi,F11_1985_to_1995,1080,2
M3_hold_tea_handle_res=480_bitrate=2.avi,M3_hold_tea_handle,480,2
F7_here_and_there_res=1080_bitrate=0.8.avi,F7_here_and_there,1080,0.8
F6_layer_after_layer_res=360_bitrate=0.8.avi,F6_layer_after_layer,360,0.8
M2_back_tire_res=720_bitrate=2.avi,M2_back_tire,720,2
F10_grandkids_talk_to_daughter_res=480_bitrate=0.25.avi,F10_grandkids_talk_to_daughter,480,0.25
F7_here_and_there_res=480_bitrate=0.25.avi,F7_here_and_there,480,0.25
F9_action_of_the_dogs_ears_res=720_bitrate=2.avi,F9_action_of_the_dogs_ears,720,2
M6_black_bear_between_two_men_res=480_bitrate=0.25.avi,M6_black_bear_between_two_men,480,0.25
M9_bowler_domates_res=720_bitrate=2.avi,M9_bowler_domates,720,2
M2_back_tire_res=480_bitrate=0.8.avi,M2_back_tire,480,0.8
F2_switchback_res=360_bitrate=0.8.avi,F2_switchback,360,0.8
F11_between_11_and_35_res=720_bitrate=0.25.avi,F11_between_11_and_35,720,0.25
M9_bowler_domates_res=480_bitrate=2.avi,M9_bowler_domates,480,2
F11_between_11_and_35_res=480_bitrate=0.25.avi,F11_between_11_and_35,480,0.25
M3_hold_tea_handle_res=720_bitrate=0.8.avi,M3_hold_tea_handle,720,0.8
F7_let_me_think_res=720_bitrate=0.25.avi,F7_let_me_think,720,0.25
M3_died_at_32_res=480_bitrate=0.25.avi,M3_died_at_32,480,0.25
F6_layer_after_layer_res=720_bitrate=0.25.avi,F6_layer_after_layer,720,0.25
F7_let_me_think_res=1080_bitrate=0.8.avi,F7_let_me_think,1080,0.8
F2_switchback_res=720_bitrate=0.8.avi,F2_switchback,720,0.8
M6_black_bear_between_two_men_res=1080_bitrate=reference.avi,M6_black_bear_between_two_men,1080,reference
M9_bowler_domates_res=720_bitrate=0.25.avi,M9_bowler_domates,720,0.25
M3_died_at_32_res=1080_bitrate=0.8.avi,M3_died_at_32,1080,0.8
F10_grandkids_talk_to_daughter_res=360_bitrate=0.8.avi,F10_grandkids_talk_to_daughter,360,0.8
M8_good_English_is_important_res=480_bitrate=0.25.avi,M8_good_English_is_important,480,0.25
M3_died_at_32_res=720_bitrate=2.avi,M3_died_at_32,720,2
M3_hold_tea_handle_res=480_bitrate=0.25.avi,M3_hold_tea_handle,480,0.25
M6_black_bear_between_two_men_res=480_bitrate=0.8.avi,M6_black_bear_between_two_men,480,0.8
F6_layer_after_layer_res=720_bitrate=2.avi,F6_layer_after_layer,720,2
M2_back_tire_res=1080_bitrate=reference.avi,M2_back_tire,1080,reference
F7_here_and_there_res=720_bitrate=0.25.avi,F7_here_and_there,720,0.25
F6_layer_after_layer_res=480_bitrate=0.8.avi,F6_layer_after_layer,480,0.8
M2_back_tire_res=1080_bitrate=2.avi,M2_back_tire,1080,2
F3_very_different_res=480_bitrate=0.8.avi,F3_very_different,480,0.8
F11_1985_to_1995_res=480_bitrate=2.avi,F11_1985_to_1995,480,2
F3_very_different_res=480_bitrate=2.avi,F3_very_different,480,2
M3_died_at_32_res=360_bitrate=0.8.avi,M3_died_at_32,360,0.8
F7_here_and_there_res=480_bitrate=0.8.avi,F7_here_and_there,480,0.8
F11_1985_to_1995_res=1080_bitrate=0.8.avi,F11_1985_to_1995,1080,0.8
